"curve","requested_usdc","used_usdc","unspent_usdc","token_output","fee_usdc","terminal_price_usdc","gross_premium_percent","migration_progress_percent","reaches_migration"
"constant-liquidity","100","100","0","4928045.32255","1","0.000020178598","1.460101445877571","0.2060329502146885","false"
"constant-liquidity","250","250","0","12238690.912274","2.5","0.000020447982","2.1351020995151857","0.5150823755367212","false"
"constant-liquidity","500","500","0","24210704.95354","5","0.000020900925","3.2601031889195986","1.0301647510734424","false"
"constant-liquidity","1000","1000","0","47388823.716282","10","0.000021821697","5.510105367737562","2.060329502146885","false"
"constant-liquidity","2500","2500","0","111348539.092527","25","0.000024703094","12.260111904189825","5.150823755367212","false"
"constant-liquidity","5000","5000","0","202412550.09212","50","0.000029902363","23.510122798277678","10.301647510734425","false"
"constant-liquidity","8000","8000","0","291949190.577202","80","0.000036796440","37.01013587118331","16.48263601717508","false"
"constant-liquidity","10000","10000","0","342441944.545676","100","0.000041789432","46.0101445864538","20.60329502146885","false"
"constant-liquidity","15000","15000","0","445076984.77154","150","0.000055661207","68.51016637462989","30.904942532203275","false"
"constant-liquidity","20000","20000","0","523532260.938494","200","0.000071517688","91.0101881628062","41.2065900429377","false"
"constant-liquidity","30000","30000","0","635565637.986931","300","0.000109184771","136.0102317391584","61.80988506440655","false"
"constant-liquidity","40000","40000","0","711717716.079127","400","0.000154790679","181.01027531551102","82.4131800858754","false"
"constant-liquidity","60000","48535.925878","11464.074122","759746150.444386","485.359259","0.000200000000","219.42197896342498","100","true"
"constant-liquidity","100000","48535.925878","51464.074122","759746150.444386","485.359259","0.000200000000","219.42197896342498","100","true"
"front-weighted","100","100","0","4935254.42245","1","0.000020119691","1.3118994890208413","0.25726709111377194","false"
"front-weighted","250","250","0","12283250.111558","2.5","0.000020299896","1.764597207363285","0.6431677277844298","false"
"front-weighted","500","500","0","24385701.404256","5","0.000020602024","2.519093404616147","1.2863354555688595","false"
"front-weighted","1000","1000","0","48063943.13219","10","0.000021212976","4.028085799130698","2.572670911137719","false"
"front-weighted","2500","2500","0","115148935.962063","25","0.000023099392","8.555063019585813","6.431677277844298","false"
"front-weighted","5000","5000","0","215331564.361533","50","0.000026421959","16.100024973700602","12.863354555688597","false"
"front-weighted","8000","8000","0","319606297.850432","80","0.000030703629","25.15397934592337","20.581367289101753","false"
"front-weighted","10000","10000","0","381126758.637208","100","0.000033736615","31.189948926138413","25.726709111377193","false"
"front-weighted","15000","15000","0","510186937.22211","150","0.000044186937","47.004939813558444","38.59006366706579","false"
"front-weighted","20000","20000","0","608972933.6265","200","0.000056823206","64.21091066312115","51.45341822275439","false"
"front-weighted","30000","30000","0","742889351.183941","300","0.000100063923","101.91432245050405","77.18012733413158","false"
"front-weighted","40000","38870.109491","1129.890509","807591957.974064","388.701095","0.000200000000","140.65438682989165","100","true"
"front-weighted","60000","38870.109491","21129.890509","807591957.974064","388.701095","0.000200000000","140.65438682989165","100","true"
"front-weighted","100000","38870.109491","61129.890509","807591957.974064","388.701095","0.000200000000","140.65438682989165","100","true"
"back-weighted","100","100","0","4899419.362089","1","0.000020415084","2.0529093445088304","0.16743284969498423","false"
"back-weighted","250","250","0","12063643.321968","2.5","0.000021045703","3.617121846079374","0.4185821242374606","false"
"back-weighted","500","500","0","23535139.346644","5","0.000022118051","6.224142682056745","0.8371642484749212","false"
"back-weighted","1000","1000","0","44867924.11658","10","0.000024342683","11.438184369941798","1.6743284969498424","false"
"back-weighted","2500","2500","0","98362996.249967","25","0.000031656064","27.080309430937994","4.1858212423746055","false"
"back-weighted","5000","5000","0","166014868.428584","50","0.000040604280","50.58892156249522","8.371642484749211","false"
"back-weighted","8000","8000","0","231989565.332101","80","0.000049909852","72.42154811031536","13.39462797559874","false"
"back-weighted","10000","10000","0","269227503.152754","100","0.000056646471","85.71653866890061","16.743284969498422","false"
"back-weighted","15000","15000","0","346292691.543728","150","0.000071199561","116.57979458261076","25.114927454247635","false"
"back-weighted","20000","20000","0","410005395.890436","200","0.000084777578","143.89922913776132","33.486569938996844","false"
"back-weighted","30000","30000","0","510084562.870858","300","0.000114728052","194.0688876286904","50.22985490849527","false"
"back-weighted","40000","40000","0","587981372.935544","400","0.000140786634","240.1468298247001","66.97313987799369","false"
"back-weighted","60000","59725.436307","274.563693","704358090.242055","597.254364","0.000200000000","323.9706843324193","100","true"
"back-weighted","100000","59725.436307","40274.563693","704358090.242055","597.254364","0.000200000000","323.9706843324193","100","true"
